Workbook
Name realistic_drug_labels_side_effects: Datos_limpios!$A$1:$O$1437

Sheet Proyecto
A1: Análisis Farmacéutico: Rendimiento, costo y riesgo regulatorio
A2: Resumen: El análisis de los datos revela importantes disparidades en el rendimiento corporativo y el riesgo regulatorio. En términos de eficiencia, Moderna Therapeutics y Johnson & Johnson muestran las tasas de aprobación de productos más altas, señalando una gestión exitosa de su pipeline. En el ámbito económico, los Antipiréticos y Antidepresivos registran el precio promedio más elevado. Sin embargo, el riesgo regulatorio más crítico reside en los Antihistamínicos (con la tasa de rechazo más alta del 44%) y en los medicamentos con efectos secundarios clasificados como Moderados. Este último punto sugiere que los organismos reguladores aplican un escrutinio más estricto a los medicamentos de beneficio no vital que presentan riesgos de seguridad intermedios."
A5: Clase de Medicamento | B5: Tasa de Rechazo (%) | C5: Precio Promedio (USD) | D5: Clasificación de Precio
A6: Antihistamine | B6: 44% (Máximo) | C6: 248.67 | D6: Media
A7: Antidepressant | B7: 37% (Alto) | C7: 266.72 | D7: Alta
A8: Antibiotic | B8: 37% (Alto) | C8: 245.35 | D8: Media
A9: Antipsychotic | B9: 0.33 | C9: 242.61 | D9: Media
A10: Antipyretic | B10: 0.32 | C10: 271.63 | D10: Máximo
A11: Antifungal | B11: 0.32 | C11: 248.98 | D11: Media
A12: Vaccine | B12: 0.31 | C12: 240.28 | D12: Mínimo
A13: Analgesic | B13: 0.31 | C13: 249.36 | D13: Media
A14: Antiviral | B14: 0.3 | C14: 264.36 | D14: Alta
A15: Anti-inflammatory | B15: 27% (Mínimo) | C15: 241.71 | D15: Mínima

Sheet Datos_limpios
A1: drug_name | B1: manufacturer | C1: approval_year | D1: drug_class | E1: indications | F1: side_effects | G1: dosage_mg | H1: administration_route | I1: contraindications | J1: warnings | K1: price_usd | L1: batch_number | M1: expiry_date | N1: side_effect_severity | O1: approval_status
A2: Seroxetine50 | B2: AstraZeneca | C2: 1996 | D2: Antidepressant | E2: Allergy relief | F2: Fatigue, Nausea | G2: 260 | H2: Rectal | I2: Bleeding disorders | J2: Avoid alcohol | K2: 192.43 | L2: MV388Pl | M2: 46355 | N2: Mild | O2: Pending
A3: Mecoparin93 | B3: AstraZeneca | C3: 2018 | D3: Vaccine | E3: Allergy relief | F3: Nausea | G3: 470 | H3: Inhalation | I3: Allergic reaction | J3: Take with food | K3: 397.82 | L3: UR279ZN | M3: 46582 | N3: Mild | O3: Approved
A4: Daxozole89 | B4: Merck & Co. | C4: 1997 | D4: Antipsychotic | E4: Allergy relief | F4: Diarrhea, Blurred vision, Dizziness | G4: 330 | H4: Sublingual | I4: High blood pressure | J4: Take with food | K4: 131.69 | L4: we040kH | M4: 46906 | N4: Moderate | O4: Pending
A5: Viracillin84 | B5: Roche Holding AG | C5: 2004 | D5: Antifungal | E5: Inflammation reduction | F5: Fatigue, Dry mouth | G5: 450 | H5: Oral | I5: Kidney impairment | J5: Do not operate machinery | K5: 372.82 | L5: hO060rh | M5: 46210 | N5: Mild | O5: Rejected
A6: Amoxstatin62 | B6: Pfizer Inc. | C6: 2003 | D6: Antidepressant | E6: Psychosis control | F6: Insomnia, Dry mouth, Fatigue | G6: 430 | H6: Topical | I6: Bleeding disorders | J6: Do not operate machinery | K6: 281.48 | L6: Fa621Sw | M6: 46749 | N6: Moderate | O6: Pending
A7: Loxocillin72 | B7: Johnson & Johnson | C7: 2023 | D7: Antifungal | E7: Viral infections | F7: Rash, Dizziness | G7: 180 | H7: Intravenous | I7: Bleeding disorders | J7: May affect fertility | K7: 463.28 | L7: Nl465Ez | M7: 46006 | N7: Moderate | O7: Rejected
A8: Fenoxetine43 | B8: AstraZeneca | C8: 2004 | D8: Anti-inflammatory | E8: Psychosis control | F8: Blurred vision | G8: 500 | H8: Topical | I8: Bleeding disorders | J8: May affect fertility | K8: 320.77 | L8: Id480PC | M8: 45954 | N8: Mild | O8: Pending
A9: Fenomab17 | B9: GlaxoSmithKline | C9: 2018 | D9: Analgesic | E9: Bacterial infections | F9: Nausea | G9: 570 | H9: Inhalation | I9: Seizures | J9: Avoid alcohol | K9: 57.48 | L9: XK920cq | M9: 46292 | N9: Severe | O9: Approved
A10: Cefparin42 | B10: Sanofi | C10: 2012 | D10: Analgesic | E10: Prevent infectious disease | F10: Dry mouth | G10: 420 | H10: Oral | I10: Asthma | J10: Avoid alcohol | K10: 251.97 | L10: TU342KC | M10: 46299 | N10: Moderate | O10: Approved
A11: Rivaprofen81 | B11: GlaxoSmithKline | C11: 2013 | D11: Antibiotic | E11: Bacterial infections | F11: Insomnia, Fatigue, Headache | G11: 580 | H11: Intramuscular | I11: Pregnancy | J11: Take with food | K11: 4.48 | L11: LQ578uz | M11: 45955 | N11: Severe | O11: Approved
A12: Fenocillin43 | B12: AstraZeneca | C12: 1994 | D12: Antiviral | E12: Allergy relief | F12: Dizziness, Fatigue | G12: 860 | H12: Oral | I12: Liver disease | J12: Risk of addiction | K12: 99.56 | L12: FP064JV | M12: 46957 | N12: Severe | O12: Rejected
A13: Amoxxetine60 | B13: Johnson & Johnson | C13: 1997 | D13: Antihistamine | E13: Allergy relief | F13: Dry mouth | G13: 730 | H13: Topical | I13: Allergic reaction | J13: Do not operate machinery | K13: 176.53 | L13: oL649Gy | M13: 46811 | N13: Moderate | O13: Approved
... A1437: Fenoprofen58 | B1437: GlaxoSmithKline | C1437: 1997 | D1437: Antihistamine | E1437: Prevent infectious disease | F1437: Nausea, Dry mouth, Dizziness | G1437: 760 | H1437: Topical | I1437: Asthma | J1437: Do not discontinue abruptly | K1437: 60.8 | L1437: Ao408CX | M1437: 45969 | N1437: Severe | O1437: Pending

Sheet Aprobación
A1: Tasa de rechazo de farmacos
A2: drug_class | B2: Total | C2: Rechazado | D2: Tasa de rechazo
A3: Antipsychotic | B3: =COUNTIFS(Datos_limpios!D:D,Aprobación!A5) -> 126 | C3: =COUNTIFS(Datos_limpios!D:D,Aprobación!A5,Datos_limpios!O:O,"Rejected") -> 39 | D3: =C3/B3 -> 0.30952381
A4: Anti-inflammatory | B4: =COUNTIFS(Datos_limpios!D:D,Aprobación!A7) -> 141 | C4: =COUNTIFS(Datos_limpios!D:D,Aprobación!A7,Datos_limpios!O:O,"Rejected") -> 42 | D4: =C4/B4 -> 0.29787234
A5: Analgesic | B5: =COUNTIFS(Datos_limpios!D:D,Aprobación!A8) -> 143 | C5: =COUNTIFS(Datos_limpios!D:D,Aprobación!A8,Datos_limpios!O:O,"Rejected") -> 63 | D5: =C5/B5 -> 0.44055944
A6: Vaccine | B6: =COUNTIFS(Datos_limpios!D:D,Aprobación!A4) -> 158 | C6: =COUNTIFS(Datos_limpios!D:D,Aprobación!A4,Datos_limpios!O:O,"Rejected") -> 43 | D6: =C6/B6 -> 0.2721519
A7: Antiviral | B7: =COUNTIFS(Datos_limpios!D:D,Aprobación!A10) -> 134 | C7: =COUNTIFS(Datos_limpios!D:D,Aprobación!A10,Datos_limpios!O:O,"Rejected") -> 43 | D7: =C7/B7 -> 0.32089552
A8: Antihistamine | B8: =COUNTIFS(Datos_limpios!D:D,Aprobación!A11) -> 143 | C8: =COUNTIFS(Datos_limpios!D:D,Aprobación!A11,Datos_limpios!O:O,"Rejected") -> 53 | D8: =C8/B8 -> 0.37062937
A9: Antidepressant | B9: =COUNTIFS(Datos_limpios!D:D,Aprobación!A3) -> 147 | C9: =COUNTIFS(Datos_limpios!D:D,Aprobación!A3,Datos_limpios!O:O,"Rejected") -> 48 | D9: =C9/B9 -> 0.32653061
A10: Antipyretic | B10: =COUNTIFS(Datos_limpios!D:D,Aprobación!A12) -> 144 | C10: =COUNTIFS(Datos_limpios!D:D,Aprobación!A12,Datos_limpios!O:O,"Rejected") -> 46 | D10: =C10/B10 -> 0.31944444
A11: Antibiotic | B11: =COUNTIFS(Datos_limpios!D:D,Aprobación!A9) -> 156 | C11: =COUNTIFS(Datos_limpios!D:D,Aprobación!A9,Datos_limpios!O:O,"Rejected") -> 57 | D11: =C11/B11 -> 0.36538462
A12: Antifungal | B12: =COUNTIFS(Datos_limpios!D:D,Aprobación!A6) -> 144 | C12: =COUNTIFS(Datos_limpios!D:D,Aprobación!A6,Datos_limpios!O:O,"Rejected") -> 44 | D12: =C12/B12 -> 0.30555556
A35: este grafico y datos nos permite observar que las vacunas pasan a ser la categoria con mayor tasa de aprobación al tener un rechazo del solo 27%. Por otro lado estan los analgésicos que son la clase con la menor tasa de éxito

Sheet Efectos
A1: Impacto de la Gravedad del Efecto Secundario en la Aprobación
A2: Gravedad | B2: Approved | C2: Pending | D2: Rejected | E2: Total | F2: Tasa de rechazo %
A3: Mild | B3: =COUNTIFS(Datos_limpios!N:N,Efectos!A3,Datos_limpios!O:O,Efectos!B2) -> 175 | C3: =COUNTIFS(Datos_limpios!N:N,Efectos!A3,Datos_limpios!O:O,Efectos!C2) -> 157 | D3: =COUNTIFS(Datos_limpios!N:N,Efectos!A3,Datos_limpios!O:O,Efectos!D2) -> 158 | E3: =SUM(B3:D3) -> 490 | F3: =(D3/E3) -> 0.32244898
A4: Moderate | B4: =COUNTIFS(Datos_limpios!N:N,Efectos!A5,Datos_limpios!O:O,Efectos!B2) -> 140 | C4: =COUNTIFS(Datos_limpios!N:N,Efectos!A5,Datos_limpios!O:O,Efectos!C2) -> 174 | D4: =COUNTIFS(Datos_limpios!N:N,Efectos!A5,Datos_limpios!O:O,Efectos!D2) -> 150 | E4: =SUM(B4:D4) -> 464 | F4: =(D4/E4) -> 0.32327586
A5: Severe | B5: =COUNTIFS(Datos_limpios!N:N,Efectos!A4,Datos_limpios!O:O,Efectos!B2) -> 147 | C5: =COUNTIFS(Datos_limpios!N:N,Efectos!A4,Datos_limpios!O:O,Efectos!C2) -> 165 | D5: =COUNTIFS(Datos_limpios!N:N,Efectos!A4,Datos_limpios!O:O,Efectos!D2) -> 170 | E5: =SUM(B5:D5) -> 482 | F5: =(D5/E5) -> 0.3526971
A31: Este análisis nos permite observar que a mayor riesgo (Severe) la tasa de rechazo aumenta. Lo que nos permite alinearnos con las expectativas regulatorias: los organismos son más estrictos con los medicamentos que presentan los mayores riesgos de seguridad.

Sheet Resumen_fabricantes
A1: Eficiencia y Rendimiento en Aprobación por Fabricante
A2: fabricantes | B2: aprobados | C2: desaprobados | D2: pendientes | E2: total de medicamentos | F2: tasa de aprobación
A3: AstraZeneca | B3: =COUNTIFS(Datos_limpios!B:B, "AstraZeneca", Datos_limpios!O:O, "Approved") -> 43 | C3: =COUNTIFS(Datos_limpios!B:B, "AstraZeneca", Datos_limpios!O:O, "Rejected") -> 39 | D3: =COUNTIFS(Datos_limpios!B:B, "AstraZeneca", Datos_limpios!O:O, "Pending") -> 50 | E3: =SUM(B3:D3) -> 132 | F3: =B3/E3 -> 0.32575758
A4: Merck & Co. | B4: =COUNTIFS(Datos_limpios!B:B, A4, Datos_limpios!O:O, "Approved") -> 52 | C4: =COUNTIFS(Datos_limpios!B:B, A4, Datos_limpios!O:O, "Rejected") -> 54 | D4: =COUNTIFS(Datos_limpios!B:B, A4, Datos_limpios!O:O, "Pending") -> 51 | E4: =SUM(B4:D4) -> 157 | F4: =B4/E4 -> 0.33121019
A5: Roche Holding AG | B5: =COUNTIFS(Datos_limpios!B:B, A5, Datos_limpios!O:O, "Approved") -> 42 | C5: =COUNTIFS(Datos_limpios!B:B, A5, Datos_limpios!O:O, "Rejected") -> 45 | D5: =COUNTIFS(Datos_limpios!B:B, A5, Datos_limpios!O:O, "Pending") -> 50 | E5: =SUM(B5:D5) -> 137 | F5: =B5/E5 -> 0.30656934
A6: Pfizer Inc. | B6: =COUNTIFS(Datos_limpios!B:B, A6, Datos_limpios!O:O, "Approved") -> 40 | C6: =COUNTIFS(Datos_limpios!B:B, A6, Datos_limpios!O:O, "Rejected") -> 56 | D6: =COUNTIFS(Datos_limpios!B:B, A6, Datos_limpios!O:O, "Pending") -> 40 | E6: =SUM(B6:D6) -> 136 | F6: =B6/E6 -> 0.29411765
A7: Johnson & Johnson | B7: =COUNTIFS(Datos_limpios!B:B, A7, Datos_limpios!O:O, "Approved") -> 53 | C7: =COUNTIFS(Datos_limpios!B:B, A7, Datos_limpios!O:O, "Rejected") -> 50 | D7: =COUNTIFS(Datos_limpios!B:B, A7, Datos_limpios!O:O, "Pending") -> 46 | E7: =SUM(B7:D7) -> 149 | F7: =B7/E7 -> 0.3557047
A8: GlaxoSmithKline | B8: =COUNTIFS(Datos_limpios!B:B, A8, Datos_limpios!O:O, "Approved") -> 45 | C8: =COUNTIFS(Datos_limpios!B:B, A8, Datos_limpios!O:O, "Rejected") -> 50 | D8: =COUNTIFS(Datos_limpios!B:B, A8, Datos_limpios!O:O, "Pending") -> 45 | E8: =SUM(B8:D8) -> 140 | F8: =B8/E8 -> 0.32142857
A9: Sanofi | B9: =COUNTIFS(Datos_limpios!B:B, A9, Datos_limpios!O:O, "Approved") -> 49 | C9: =COUNTIFS(Datos_limpios!B:B, A9, Datos_limpios!O:O, "Rejected") -> 40 | D9: =COUNTIFS(Datos_limpios!B:B, A9, Datos_limpios!O:O, "Pending") -> 59 | E9: =SUM(B9:D9) -> 148 | F9: =B9/E9 -> 0.33108108
A10: Bayer AG | B10: =COUNTIFS(Datos_limpios!B:B, A10, Datos_limpios!O:O, "Approved") -> 44 | C10: =COUNTIFS(Datos_limpios!B:B, A10, Datos_limpios!O:O, "Rejected") -> 40 | D10: =COUNTIFS(Datos_limpios!B:B, A10, Datos_limpios!O:O, "Pending") -> 63 | E10: =SUM(B10:D10) -> 147 | F10: =B10/E10 -> 0.29931973
A11: Moderna Therapeutics | B11: =COUNTIFS(Datos_limpios!B:B, A11, Datos_limpios!O:O, "Approved") -> 52 | C11: =COUNTIFS(Datos_limpios!B:B, A11, Datos_limpios!O:O, "Rejected") -> 51 | D11: =COUNTIFS(Datos_limpios!B:B, A11, Datos_limpios!O:O, "Pending") -> 43 | E11: =SUM(B11:D11) -> 146 | F11: =B11/E11 -> 0.35616438
A12: Novartis AG | B12: =COUNTIFS(Datos_limpios!B:B, A12, Datos_limpios!O:O, "Approved") -> 42 | C12: =COUNTIFS(Datos_limpios!B:B, A12, Datos_limpios!O:O, "Rejected") -> 53 | D12: =COUNTIFS(Datos_limpios!B:B, A12, Datos_limpios!O:O, "Pending") -> 49 | E12: =SUM(B12:D12) -> 144 | F12: =B12/E12 -> 0.29166667
A40: Este análisis nos permite observar la eficiencia de cada compañía, calculando la tasa de aprobación. Los datos revelan que Moderna Therapeutics y Johnson & Johnson son los líderes en esta métrica, con la mayor proporción de éxito regulatorio.

Sheet medicamentos
A1: Análisis de Precios Promedio por clase
A2: tipos de farmacos | B2: precio promedio
A3: Antidepressant | B3: =AVERAGEIFS(Datos_limpios!K2:K1437, Datos_limpios!D2:D1437, A3) -> 266.71532
A4: Vaccine | B4: =AVERAGEIFS(Datos_limpios!K3:K1438, Datos_limpios!D3:D1438, A4) -> 240.2766
A5: Antipsychotic | B5: =AVERAGEIFS(Datos_limpios!K4:K1439, Datos_limpios!D4:D1439, A5) -> 242.60939
A6: Antifungal | B6: =AVERAGEIFS(Datos_limpios!K5:K1440, Datos_limpios!D5:D1440, A6) -> 248.97639
A7: Anti-inflammatory | B7: =AVERAGEIFS(Datos_limpios!K6:K1441, Datos_limpios!D6:D1441, A7) -> 241.70772
A8: Analgesic | B8: =AVERAGEIFS(Datos_limpios!K7:K1442, Datos_limpios!D7:D1442, A8) -> 249.35516
A9: Antibiotic | B9: =AVERAGEIFS(Datos_limpios!K8:K1443, Datos_limpios!D8:D1443, A9) -> 245.34664
A10: Antiviral | B10: =AVERAGEIFS(Datos_limpios!K9:K1444, Datos_limpios!D9:D1444, A10) -> 264.36021
A11: Antihistamine | B11: =AVERAGEIFS(Datos_limpios!K10:K1445, Datos_limpios!D10:D1445, A11) -> 248.6707
A12: Antipyretic | B12: =AVERAGEIFS(Datos_limpios!K11:K1446, Datos_limpios!D11:D1446, A12) -> 271.62515
A29: El cálculo de los precios promedio revela que Las clases de medicamentos más costosas en el promedio son los Antipiréticos y los Antidepresivos. A pesar de las variaciones, la diferencia de precio entre la clase más cara y la más barata (Vacunas) es relativamente estrecha
